{"frames": [

{
	"filename": "bible.png",
	"frame": {"x":472,"y":575,"w":36,"h":48},
	"rotated": false,
	"trimmed": false,
	"spriteSourceSize": {"x":0,"y":0,"w":36,"h":48},
	"sourceSize": {"w":36,"h":48}
},
{
	"filename": "book1.png",
	"frame": {"x":222,"y":622,"w":42,"h":33},
	"rotated": false,
	"trimmed": false,
	"spriteSourceSize": {"x":0,"y":0,"w":42,"h":33},
	"sourceSize": {"w":42,"h":33}
},
{
	"filename": "book2.png",
	"frame": {"x":134,"y":633,"w":42,"h":33},
	"rotated": false,
	"trimmed": false,
	"spriteSourceSize": {"x":0,"y":0,"w":42,"h":33},
	"sourceSize": {"w":42,"h":33}
},
{
	"filename": "book3.png",
	"frame": {"x":178,"y":612,"w":42,"h":33},
	"rotated": false,
	"trimmed": false,
	"spriteSourceSize": {"x":0,"y":0,"w":42,"h":33},
	"sourceSize": {"w":42,"h":33}
},
{
	"filename": "book_return.png",
	"frame": {"x":2,"y":2,"w":144,"h":81},
	"rotated": false,
	"trimmed": false,
	"spriteSourceSize": {"x":0,"y":0,"w":144,"h":81},
	"sourceSize": {"w":144,"h":81}
},
{
	"filename": "bread.png",
	"frame": {"x":2,"y":705,"w":42,"h":33},
	"rotated": false,
	"trimmed": false,
	"spriteSourceSize": {"x":0,"y":0,"w":42,"h":33},
	"sourceSize": {"w":42,"h":33}
},
{
	"filename": "broccoli.png",
	"frame": {"x":476,"y":534,"w":33,"h":39},
	"rotated": false,
	"trimmed": false,
	"spriteSourceSize": {"x":0,"y":0,"w":33,"h":39},
	"sourceSize": {"w":33,"h":39}
},
{
	"filename": "cake.png",
	"frame": {"x":2,"y":740,"w":36,"h":33},
	"rotated": false,
	"trimmed": false,
	"spriteSourceSize": {"x":0,"y":0,"w":36,"h":33},
	"sourceSize": {"w":36,"h":33}
},
{
	"filename": "candy.png",
	"frame": {"x":148,"y":2,"w":63,"h":27},
	"rotated": false,
	"trimmed": false,
	"spriteSourceSize": {"x":0,"y":0,"w":63,"h":27},
	"sourceSize": {"w":63,"h":27}
},
{
	"filename": "carrots.png",
	"frame": {"x":2,"y":661,"w":42,"h":42},
	"rotated": false,
	"trimmed": false,
	"spriteSourceSize": {"x":0,"y":0,"w":42,"h":42},
	"sourceSize": {"w":42,"h":42}
},
{
	"filename": "cheese.png",
	"frame": {"x":476,"y":490,"w":33,"h":42},
	"rotated": false,
	"trimmed": false,
	"spriteSourceSize": {"x":0,"y":0,"w":33,"h":42},
	"sourceSize": {"w":33,"h":42}
},
{
	"filename": "comics.png",
	"frame": {"x":472,"y":625,"w":36,"h":39},
	"rotated": false,
	"trimmed": false,
	"spriteSourceSize": {"x":0,"y":0,"w":36,"h":39},
	"sourceSize": {"w":36,"h":39}
},
{
	"filename": "cookies.png",
	"frame": {"x":222,"y":657,"w":33,"h":33},
	"rotated": false,
	"trimmed": false,
	"spriteSourceSize": {"x":0,"y":0,"w":33,"h":33},
	"sourceSize": {"w":33,"h":33}
},
{
	"filename": "eggs.png",
	"frame": {"x":178,"y":647,"w":42,"h":27},
	"rotated": false,
	"trimmed": false,
	"spriteSourceSize": {"x":0,"y":0,"w":42,"h":27},
	"sourceSize": {"w":42,"h":27}
},
{
	"filename": "girl-down-1.png",
	"frame": {"x":46,"y":659,"w":42,"h":46},
	"rotated": false,
	"trimmed": true,
	"spriteSourceSize": {"x":15,"y":26,"w":42,"h":46},
	"sourceSize": {"w":72,"h":72}
},
{
	"filename": "girl-down-10.png",
	"frame": {"x":90,"y":673,"w":40,"h":48},
	"rotated": false,
	"trimmed": true,
	"spriteSourceSize": {"x":14,"y":24,"w":40,"h":48},
	"sourceSize": {"w":72,"h":72}
},
{
	"filename": "girl-down-2.png",
	"frame": {"x":46,"y":609,"w":42,"h":48},
	"rotated": false,
	"trimmed": true,
	"spriteSourceSize": {"x":15,"y":24,"w":42,"h":48},
	"sourceSize": {"w":72,"h":72}
},
{
	"filename": "girl-down-3.png",
	"frame": {"x":2,"y":509,"w":42,"h":52},
	"rotated": false,
	"trimmed": true,
	"spriteSourceSize": {"x":12,"y":20,"w":42,"h":52},
	"sourceSize": {"w":72,"h":72}
},
{
	"filename": "girl-down-4.png",
	"frame": {"x":466,"y":666,"w":42,"h":54},
	"rotated": false,
	"trimmed": true,
	"spriteSourceSize": {"x":12,"y":18,"w":42,"h":54},
	"sourceSize": {"w":72,"h":72}
},
{
	"filename": "girl-down-5.png",
	"frame": {"x":90,"y":575,"w":42,"h":48},
	"rotated": false,
	"trimmed": true,
	"spriteSourceSize": {"x":15,"y":24,"w":42,"h":48},
	"sourceSize": {"w":72,"h":72}
},
{
	"filename": "girl-down-6.png",
	"frame": {"x":90,"y":625,"w":42,"h":46},
	"rotated": false,
	"trimmed": true,
	"spriteSourceSize": {"x":15,"y":26,"w":42,"h":46},
	"sourceSize": {"w":72,"h":72}
},
{
	"filename": "girl-down-7.png",
	"frame": {"x":2,"y":563,"w":42,"h":48},
	"rotated": false,
	"trimmed": true,
	"spriteSourceSize": {"x":15,"y":24,"w":42,"h":48},
	"sourceSize": {"w":72,"h":72}
},
{
	"filename": "girl-down-8.png",
	"frame": {"x":186,"y":558,"w":42,"h":52},
	"rotated": false,
	"trimmed": true,
	"spriteSourceSize": {"x":12,"y":20,"w":42,"h":52},
	"sourceSize": {"w":72,"h":72}
},
{
	"filename": "girl-down-9.png",
	"frame": {"x":422,"y":626,"w":42,"h":54},
	"rotated": false,
	"trimmed": true,
	"spriteSourceSize": {"x":12,"y":18,"w":42,"h":54},
	"sourceSize": {"w":72,"h":72}
},
{
	"filename": "girl-left-1.png",
	"frame": {"x":134,"y":585,"w":42,"h":46},
	"rotated": false,
	"trimmed": true,
	"spriteSourceSize": {"x":15,"y":26,"w":42,"h":46},
	"sourceSize": {"w":72,"h":72}
},
{
	"filename": "girl-left-10.png",
	"frame": {"x":134,"y":668,"w":40,"h":48},
	"rotated": false,
	"trimmed": true,
	"spriteSourceSize": {"x":17,"y":24,"w":40,"h":48},
	"sourceSize": {"w":72,"h":72}
},
{
	"filename": "girl-left-2.png",
	"frame": {"x":46,"y":559,"w":42,"h":48},
	"rotated": false,
	"trimmed": true,
	"spriteSourceSize": {"x":15,"y":24,"w":42,"h":48},
	"sourceSize": {"w":72,"h":72}
},
{
	"filename": "girl-left-3.png",
	"frame": {"x":370,"y":628,"w":42,"h":52},
	"rotated": false,
	"trimmed": true,
	"spriteSourceSize": {"x":18,"y":20,"w":42,"h":52},
	"sourceSize": {"w":72,"h":72}
},
{
	"filename": "girl-left-4.png",
	"frame": {"x":282,"y":618,"w":42,"h":54},
	"rotated": false,
	"trimmed": true,
	"spriteSourceSize": {"x":18,"y":18,"w":42,"h":54},
	"sourceSize": {"w":72,"h":72}
},
{
	"filename": "girl-left-5.png",
	"frame": {"x":90,"y":525,"w":42,"h":48},
	"rotated": false,
	"trimmed": true,
	"spriteSourceSize": {"x":15,"y":24,"w":42,"h":48},
	"sourceSize": {"w":72,"h":72}
},
{
	"filename": "girl-left-6.png",
	"frame": {"x":2,"y":613,"w":42,"h":46},
	"rotated": false,
	"trimmed": true,
	"spriteSourceSize": {"x":15,"y":26,"w":42,"h":46},
	"sourceSize": {"w":72,"h":72}
},
{
	"filename": "girl-left-7.png",
	"frame": {"x":46,"y":509,"w":42,"h":48},
	"rotated": false,
	"trimmed": true,
	"spriteSourceSize": {"x":15,"y":24,"w":42,"h":48},
	"sourceSize": {"w":72,"h":72}
},
{
	"filename": "girl-left-8.png",
	"frame": {"x":326,"y":626,"w":42,"h":52},
	"rotated": false,
	"trimmed": true,
	"spriteSourceSize": {"x":18,"y":20,"w":42,"h":52},
	"sourceSize": {"w":72,"h":72}
},
{
	"filename": "girl-left-9.png",
	"frame": {"x":330,"y":570,"w":42,"h":54},
	"rotated": false,
	"trimmed": true,
	"spriteSourceSize": {"x":18,"y":18,"w":42,"h":54},
	"sourceSize": {"w":72,"h":72}
},
{
	"filename": "girl-right-1.png",
	"frame": {"x":46,"y":659,"w":42,"h":46},
	"rotated": false,
	"trimmed": true,
	"spriteSourceSize": {"x":15,"y":26,"w":42,"h":46},
	"sourceSize": {"w":72,"h":72}
},
{
	"filename": "girl-right-10.png",
	"frame": {"x":90,"y":673,"w":40,"h":48},
	"rotated": false,
	"trimmed": true,
	"spriteSourceSize": {"x":14,"y":24,"w":40,"h":48},
	"sourceSize": {"w":72,"h":72}
},
{
	"filename": "girl-right-2.png",
	"frame": {"x":46,"y":609,"w":42,"h":48},
	"rotated": false,
	"trimmed": true,
	"spriteSourceSize": {"x":15,"y":24,"w":42,"h":48},
	"sourceSize": {"w":72,"h":72}
},
{
	"filename": "girl-right-3.png",
	"frame": {"x":2,"y":509,"w":42,"h":52},
	"rotated": false,
	"trimmed": true,
	"spriteSourceSize": {"x":12,"y":20,"w":42,"h":52},
	"sourceSize": {"w":72,"h":72}
},
{
	"filename": "girl-right-4.png",
	"frame": {"x":466,"y":666,"w":42,"h":54},
	"rotated": false,
	"trimmed": true,
	"spriteSourceSize": {"x":12,"y":18,"w":42,"h":54},
	"sourceSize": {"w":72,"h":72}
},
{
	"filename": "girl-right-5.png",
	"frame": {"x":90,"y":575,"w":42,"h":48},
	"rotated": false,
	"trimmed": true,
	"spriteSourceSize": {"x":15,"y":24,"w":42,"h":48},
	"sourceSize": {"w":72,"h":72}
},
{
	"filename": "girl-right-6.png",
	"frame": {"x":90,"y":625,"w":42,"h":46},
	"rotated": false,
	"trimmed": true,
	"spriteSourceSize": {"x":15,"y":26,"w":42,"h":46},
	"sourceSize": {"w":72,"h":72}
},
{
	"filename": "girl-right-7.png",
	"frame": {"x":2,"y":563,"w":42,"h":48},
	"rotated": false,
	"trimmed": true,
	"spriteSourceSize": {"x":15,"y":24,"w":42,"h":48},
	"sourceSize": {"w":72,"h":72}
},
{
	"filename": "girl-right-8.png",
	"frame": {"x":186,"y":558,"w":42,"h":52},
	"rotated": false,
	"trimmed": true,
	"spriteSourceSize": {"x":12,"y":20,"w":42,"h":52},
	"sourceSize": {"w":72,"h":72}
},
{
	"filename": "girl-right-9.png",
	"frame": {"x":422,"y":626,"w":42,"h":54},
	"rotated": false,
	"trimmed": true,
	"spriteSourceSize": {"x":12,"y":18,"w":42,"h":54},
	"sourceSize": {"w":72,"h":72}
},
{
	"filename": "girl-up-1.png",
	"frame": {"x":46,"y":659,"w":42,"h":46},
	"rotated": false,
	"trimmed": true,
	"spriteSourceSize": {"x":15,"y":26,"w":42,"h":46},
	"sourceSize": {"w":72,"h":72}
},
{
	"filename": "girl-up-10.png",
	"frame": {"x":90,"y":673,"w":40,"h":48},
	"rotated": false,
	"trimmed": true,
	"spriteSourceSize": {"x":14,"y":24,"w":40,"h":48},
	"sourceSize": {"w":72,"h":72}
},
{
	"filename": "girl-up-2.png",
	"frame": {"x":46,"y":609,"w":42,"h":48},
	"rotated": false,
	"trimmed": true,
	"spriteSourceSize": {"x":15,"y":24,"w":42,"h":48},
	"sourceSize": {"w":72,"h":72}
},
{
	"filename": "girl-up-3.png",
	"frame": {"x":2,"y":509,"w":42,"h":52},
	"rotated": false,
	"trimmed": true,
	"spriteSourceSize": {"x":12,"y":20,"w":42,"h":52},
	"sourceSize": {"w":72,"h":72}
},
{
	"filename": "girl-up-4.png",
	"frame": {"x":466,"y":666,"w":42,"h":54},
	"rotated": false,
	"trimmed": true,
	"spriteSourceSize": {"x":12,"y":18,"w":42,"h":54},
	"sourceSize": {"w":72,"h":72}
},
{
	"filename": "girl-up-5.png",
	"frame": {"x":90,"y":575,"w":42,"h":48},
	"rotated": false,
	"trimmed": true,
	"spriteSourceSize": {"x":15,"y":24,"w":42,"h":48},
	"sourceSize": {"w":72,"h":72}
},
{
	"filename": "girl-up-6.png",
	"frame": {"x":90,"y":625,"w":42,"h":46},
	"rotated": false,
	"trimmed": true,
	"spriteSourceSize": {"x":15,"y":26,"w":42,"h":46},
	"sourceSize": {"w":72,"h":72}
},
{
	"filename": "girl-up-7.png",
	"frame": {"x":2,"y":563,"w":42,"h":48},
	"rotated": false,
	"trimmed": true,
	"spriteSourceSize": {"x":15,"y":24,"w":42,"h":48},
	"sourceSize": {"w":72,"h":72}
},
{
	"filename": "girl-up-8.png",
	"frame": {"x":186,"y":558,"w":42,"h":52},
	"rotated": false,
	"trimmed": true,
	"spriteSourceSize": {"x":12,"y":20,"w":42,"h":52},
	"sourceSize": {"w":72,"h":72}
},
{
	"filename": "girl-up-9.png",
	"frame": {"x":422,"y":626,"w":42,"h":54},
	"rotated": false,
	"trimmed": true,
	"spriteSourceSize": {"x":12,"y":18,"w":42,"h":54},
	"sourceSize": {"w":72,"h":72}
},
{
	"filename": "heart.png",
	"frame": {"x":176,"y":676,"w":33,"h":27},
	"rotated": false,
	"trimmed": false,
	"spriteSourceSize": {"x":0,"y":0,"w":33,"h":27},
	"sourceSize": {"w":33,"h":27}
},
{
	"filename": "icecream.png",
	"frame": {"x":46,"y":707,"w":36,"h":36},
	"rotated": false,
	"trimmed": false,
	"spriteSourceSize": {"x":0,"y":0,"w":36,"h":36},
	"sourceSize": {"w":36,"h":36}
},
{
	"filename": "kid-down-1.png",
	"frame": {"x":296,"y":216,"w":48,"h":64},
	"rotated": false,
	"trimmed": true,
	"spriteSourceSize": {"x":0,"y":8,"w":48,"h":64},
	"sourceSize": {"w":48,"h":72}
},
{
	"filename": "kid-down-10.png",
	"frame": {"x":396,"y":212,"w":48,"h":66},
	"rotated": false,
	"trimmed": true,
	"spriteSourceSize": {"x":0,"y":6,"w":48,"h":66},
	"sourceSize": {"w":48,"h":72}
},
{
	"filename": "kid-down-2.png",
	"frame": {"x":346,"y":212,"w":48,"h":66},
	"rotated": false,
	"trimmed": true,
	"spriteSourceSize": {"x":0,"y":6,"w":48,"h":66},
	"sourceSize": {"w":48,"h":72}
},
{
	"filename": "kid-down-3.png",
	"frame": {"x":298,"y":76,"w":48,"h":70},
	"rotated": false,
	"trimmed": true,
	"spriteSourceSize": {"x":0,"y":2,"w":48,"h":70},
	"sourceSize": {"w":48,"h":72}
},
{
	"filename": "kid-down-4.png",
	"frame": {"x":413,"y":2,"w":48,"h":72},
	"rotated": false,
	"trimmed": false,
	"spriteSourceSize": {"x":0,"y":0,"w":48,"h":72},
	"sourceSize": {"w":48,"h":72}
},
{
	"filename": "kid-down-5.png",
	"frame": {"x":296,"y":148,"w":48,"h":66},
	"rotated": false,
	"trimmed": true,
	"spriteSourceSize": {"x":0,"y":6,"w":48,"h":66},
	"sourceSize": {"w":48,"h":72}
},
{
	"filename": "kid-down-6.png",
	"frame": {"x":246,"y":216,"w":48,"h":64},
	"rotated": false,
	"trimmed": true,
	"spriteSourceSize": {"x":0,"y":8,"w":48,"h":64},
	"sourceSize": {"w":48,"h":72}
},
{
	"filename": "kid-down-7.png",
	"frame": {"x":246,"y":148,"w":48,"h":66},
	"rotated": false,
	"trimmed": true,
	"spriteSourceSize": {"x":0,"y":6,"w":48,"h":66},
	"sourceSize": {"w":48,"h":72}
},
{
	"filename": "kid-down-8.png",
	"frame": {"x":248,"y":76,"w":48,"h":70},
	"rotated": false,
	"trimmed": true,
	"spriteSourceSize": {"x":0,"y":2,"w":48,"h":70},
	"sourceSize": {"w":48,"h":72}
},
{
	"filename": "kid-down-9.png",
	"frame": {"x":363,"y":2,"w":48,"h":72},
	"rotated": false,
	"trimmed": false,
	"spriteSourceSize": {"x":0,"y":0,"w":48,"h":72},
	"sourceSize": {"w":48,"h":72}
},
{
	"filename": "kid-left-1.png",
	"frame": {"x":378,"y":562,"w":42,"h":64},
	"rotated": false,
	"trimmed": true,
	"spriteSourceSize": {"x":3,"y":8,"w":42,"h":64},
	"sourceSize": {"w":48,"h":72}
},
{
	"filename": "kid-left-10.png",
	"frame": {"x":428,"y":558,"w":42,"h":66},
	"rotated": false,
	"trimmed": true,
	"spriteSourceSize": {"x":3,"y":6,"w":42,"h":66},
	"sourceSize": {"w":48,"h":72}
},
{
	"filename": "kid-left-2.png",
	"frame": {"x":384,"y":494,"w":42,"h":66},
	"rotated": false,
	"trimmed": true,
	"spriteSourceSize": {"x":3,"y":6,"w":42,"h":66},
	"sourceSize": {"w":48,"h":72}
},
{
	"filename": "kid-left-3.png",
	"frame": {"x":388,"y":422,"w":42,"h":70},
	"rotated": false,
	"trimmed": true,
	"spriteSourceSize": {"x":3,"y":2,"w":42,"h":70},
	"sourceSize": {"w":48,"h":72}
},
{
	"filename": "kid-left-4.png",
	"frame": {"x":102,"y":307,"w":42,"h":72},
	"rotated": false,
	"trimmed": true,
	"spriteSourceSize": {"x":3,"y":0,"w":42,"h":72},
	"sourceSize": {"w":48,"h":72}
},
{
	"filename": "kid-left-5.png",
	"frame": {"x":432,"y":490,"w":42,"h":66},
	"rotated": false,
	"trimmed": true,
	"spriteSourceSize": {"x":3,"y":6,"w":42,"h":66},
	"sourceSize": {"w":48,"h":72}
},
{
	"filename": "kid-left-6.png",
	"frame": {"x":238,"y":556,"w":42,"h":64},
	"rotated": false,
	"trimmed": true,
	"spriteSourceSize": {"x":3,"y":8,"w":42,"h":64},
	"sourceSize": {"w":48,"h":72}
},
{
	"filename": "kid-left-7.png",
	"frame": {"x":142,"y":517,"w":42,"h":66},
	"rotated": false,
	"trimmed": true,
	"spriteSourceSize": {"x":3,"y":6,"w":42,"h":66},
	"sourceSize": {"w":48,"h":72}
},
{
	"filename": "kid-left-8.png",
	"frame": {"x":436,"y":418,"w":42,"h":70},
	"rotated": false,
	"trimmed": true,
	"spriteSourceSize": {"x":3,"y":2,"w":42,"h":70},
	"sourceSize": {"w":48,"h":72}
},
{
	"filename": "kid-left-9.png",
	"frame": {"x":102,"y":233,"w":42,"h":72},
	"rotated": false,
	"trimmed": true,
	"spriteSourceSize": {"x":3,"y":0,"w":42,"h":72},
	"sourceSize": {"w":48,"h":72}
},
{
	"filename": "kid-right-1.png",
	"frame": {"x":286,"y":552,"w":42,"h":64},
	"rotated": false,
	"trimmed": true,
	"spriteSourceSize": {"x":3,"y":8,"w":42,"h":64},
	"sourceSize": {"w":48,"h":72}
},
{
	"filename": "kid-right-10.png",
	"frame": {"x":194,"y":490,"w":42,"h":66},
	"rotated": false,
	"trimmed": true,
	"spriteSourceSize": {"x":3,"y":6,"w":42,"h":66},
	"sourceSize": {"w":48,"h":72}
},
{
	"filename": "kid-right-2.png",
	"frame": {"x":242,"y":488,"w":42,"h":66},
	"rotated": false,
	"trimmed": true,
	"spriteSourceSize": {"x":3,"y":6,"w":42,"h":66},
	"sourceSize": {"w":48,"h":72}
},
{
	"filename": "kid-right-3.png",
	"frame": {"x":98,"y":453,"w":42,"h":70},
	"rotated": false,
	"trimmed": true,
	"spriteSourceSize": {"x":3,"y":2,"w":42,"h":70},
	"sourceSize": {"w":48,"h":72}
},
{
	"filename": "kid-right-4.png",
	"frame": {"x":102,"y":159,"w":42,"h":72},
	"rotated": false,
	"trimmed": true,
	"spriteSourceSize": {"x":3,"y":0,"w":42,"h":72},
	"sourceSize": {"w":48,"h":72}
},
{
	"filename": "kid-right-5.png",
	"frame": {"x":290,"y":484,"w":42,"h":66},
	"rotated": false,
	"trimmed": true,
	"spriteSourceSize": {"x":3,"y":6,"w":42,"h":66},
	"sourceSize": {"w":48,"h":72}
},
{
	"filename": "kid-right-6.png",
	"frame": {"x":334,"y":504,"w":42,"h":64},
	"rotated": false,
	"trimmed": true,
	"spriteSourceSize": {"x":3,"y":8,"w":42,"h":64},
	"sourceSize": {"w":48,"h":72}
},
{
	"filename": "kid-right-7.png",
	"frame": {"x":340,"y":436,"w":42,"h":66},
	"rotated": false,
	"trimmed": true,
	"spriteSourceSize": {"x":3,"y":6,"w":42,"h":66},
	"sourceSize": {"w":48,"h":72}
},
{
	"filename": "kid-right-8.png",
	"frame": {"x":102,"y":381,"w":42,"h":70},
	"rotated": false,
	"trimmed": true,
	"spriteSourceSize": {"x":3,"y":2,"w":42,"h":70},
	"sourceSize": {"w":48,"h":72}
},
{
	"filename": "kid-right-9.png",
	"frame": {"x":102,"y":85,"w":42,"h":72},
	"rotated": false,
	"trimmed": true,
	"spriteSourceSize": {"x":3,"y":0,"w":42,"h":72},
	"sourceSize": {"w":48,"h":72}
},
{
	"filename": "kid-up-1.png",
	"frame": {"x":52,"y":371,"w":48,"h":64},
	"rotated": false,
	"trimmed": true,
	"spriteSourceSize": {"x":0,"y":8,"w":48,"h":64},
	"sourceSize": {"w":48,"h":72}
},
{
	"filename": "kid-up-10.png",
	"frame": {"x":52,"y":303,"w":48,"h":66},
	"rotated": false,
	"trimmed": true,
	"spriteSourceSize": {"x":0,"y":6,"w":48,"h":66},
	"sourceSize": {"w":48,"h":72}
},
{
	"filename": "kid-up-2.png",
	"frame": {"x":2,"y":303,"w":48,"h":66},
	"rotated": false,
	"trimmed": true,
	"spriteSourceSize": {"x":0,"y":6,"w":48,"h":66},
	"sourceSize": {"w":48,"h":72}
},
{
	"filename": "kid-up-3.png",
	"frame": {"x":313,"y":2,"w":48,"h":72},
	"rotated": false,
	"trimmed": false,
	"spriteSourceSize": {"x":0,"y":0,"w":48,"h":72},
	"sourceSize": {"w":48,"h":72}
},
{
	"filename": "kid-up-4.png",
	"frame": {"x":52,"y":231,"w":48,"h":70},
	"rotated": false,
	"trimmed": true,
	"spriteSourceSize": {"x":0,"y":2,"w":48,"h":70},
	"sourceSize": {"w":48,"h":72}
},
{
	"filename": "kid-up-5.png",
	"frame": {"x":146,"y":177,"w":48,"h":66},
	"rotated": false,
	"trimmed": true,
	"spriteSourceSize": {"x":0,"y":6,"w":48,"h":66},
	"sourceSize": {"w":48,"h":72}
},
{
	"filename": "kid-up-6.png",
	"frame": {"x":2,"y":371,"w":48,"h":64},
	"rotated": false,
	"trimmed": true,
	"spriteSourceSize": {"x":0,"y":8,"w":48,"h":64},
	"sourceSize": {"w":48,"h":72}
},
{
	"filename": "kid-up-7.png",
	"frame": {"x":2,"y":303,"w":48,"h":66},
	"rotated": false,
	"trimmed": true,
	"spriteSourceSize": {"x":0,"y":6,"w":48,"h":66},
	"sourceSize": {"w":48,"h":72}
},
{
	"filename": "kid-up-8.png",
	"frame": {"x":2,"y":231,"w":48,"h":70},
	"rotated": false,
	"trimmed": true,
	"spriteSourceSize": {"x":0,"y":2,"w":48,"h":70},
	"sourceSize": {"w":48,"h":72}
},
{
	"filename": "kid-up-9.png",
	"frame": {"x":263,"y":2,"w":48,"h":72},
	"rotated": false,
	"trimmed": false,
	"spriteSourceSize": {"x":0,"y":0,"w":48,"h":72},
	"sourceSize": {"w":48,"h":72}
},
{
	"filename": "milk.png",
	"frame": {"x":480,"y":418,"w":27,"h":39},
	"rotated": false,
	"trimmed": false,
	"spriteSourceSize": {"x":0,"y":0,"w":27,"h":39},
	"sourceSize": {"w":27,"h":39}
},
{
	"filename": "redgirl-down-1.png",
	"frame": {"x":146,"y":245,"w":48,"h":64},
	"rotated": false,
	"trimmed": true,
	"spriteSourceSize": {"x":0,"y":8,"w":48,"h":64},
	"sourceSize": {"w":48,"h":72}
},
{
	"filename": "redgirl-down-10.png",
	"frame": {"x":196,"y":148,"w":48,"h":66},
	"rotated": false,
	"trimmed": true,
	"spriteSourceSize": {"x":0,"y":6,"w":48,"h":66},
	"sourceSize": {"w":48,"h":72}
},
{
	"filename": "redgirl-down-2.png",
	"frame": {"x":448,"y":144,"w":48,"h":66},
	"rotated": false,
	"trimmed": true,
	"spriteSourceSize": {"x":0,"y":6,"w":48,"h":66},
	"sourceSize": {"w":48,"h":72}
},
{
	"filename": "redgirl-down-3.png",
	"frame": {"x":52,"y":159,"w":48,"h":70},
	"rotated": false,
	"trimmed": true,
	"spriteSourceSize": {"x":0,"y":2,"w":48,"h":70},
	"sourceSize": {"w":48,"h":72}
},
{
	"filename": "redgirl-down-4.png",
	"frame": {"x":52,"y":85,"w":48,"h":72},
	"rotated": false,
	"trimmed": false,
	"spriteSourceSize": {"x":0,"y":0,"w":48,"h":72},
	"sourceSize": {"w":48,"h":72}
},
{
	"filename": "redgirl-down-5.png",
	"frame": {"x":398,"y":144,"w":48,"h":66},
	"rotated": false,
	"trimmed": true,
	"spriteSourceSize": {"x":0,"y":6,"w":48,"h":66},
	"sourceSize": {"w":48,"h":72}
},
{
	"filename": "redgirl-down-6.png",
	"frame": {"x":196,"y":216,"w":48,"h":64},
	"rotated": false,
	"trimmed": true,
	"spriteSourceSize": {"x":0,"y":8,"w":48,"h":64},
	"sourceSize": {"w":48,"h":72}
},
{
	"filename": "redgirl-down-7.png",
	"frame": {"x":348,"y":144,"w":48,"h":66},
	"rotated": false,
	"trimmed": true,
	"spriteSourceSize": {"x":0,"y":6,"w":48,"h":66},
	"sourceSize": {"w":48,"h":72}
},
{
	"filename": "redgirl-down-8.png",
	"frame": {"x":2,"y":159,"w":48,"h":70},
	"rotated": false,
	"trimmed": true,
	"spriteSourceSize": {"x":0,"y":2,"w":48,"h":70},
	"sourceSize": {"w":48,"h":72}
},
{
	"filename": "redgirl-down-9.png",
	"frame": {"x":2,"y":85,"w":48,"h":72},
	"rotated": false,
	"trimmed": false,
	"spriteSourceSize": {"x":0,"y":0,"w":48,"h":72},
	"sourceSize": {"w":48,"h":72}
},
{
	"filename": "redgirl-left-1.png",
	"frame": {"x":146,"y":451,"w":46,"h":64},
	"rotated": false,
	"trimmed": true,
	"spriteSourceSize": {"x":2,"y":8,"w":46,"h":64},
	"sourceSize": {"w":48,"h":72}
},
{
	"filename": "redgirl-left-10.png",
	"frame": {"x":340,"y":368,"w":46,"h":66},
	"rotated": false,
	"trimmed": true,
	"spriteSourceSize": {"x":2,"y":6,"w":46,"h":66},
	"sourceSize": {"w":48,"h":72}
},
{
	"filename": "redgirl-left-2.png",
	"frame": {"x":388,"y":354,"w":46,"h":66},
	"rotated": false,
	"trimmed": true,
	"spriteSourceSize": {"x":2,"y":6,"w":46,"h":66},
	"sourceSize": {"w":48,"h":72}
},
{
	"filename": "redgirl-left-3.png",
	"frame": {"x":244,"y":282,"w":46,"h":70},
	"rotated": false,
	"trimmed": true,
	"spriteSourceSize": {"x":2,"y":2,"w":46,"h":70},
	"sourceSize": {"w":48,"h":72}
},
{
	"filename": "redgirl-left-4.png",
	"frame": {"x":196,"y":282,"w":46,"h":72},
	"rotated": false,
	"trimmed": true,
	"spriteSourceSize": {"x":2,"y":0,"w":46,"h":72},
	"sourceSize": {"w":48,"h":72}
},
{
	"filename": "redgirl-left-5.png",
	"frame": {"x":146,"y":383,"w":46,"h":66},
	"rotated": false,
	"trimmed": true,
	"spriteSourceSize": {"x":2,"y":6,"w":46,"h":66},
	"sourceSize": {"w":48,"h":72}
},
{
	"filename": "redgirl-left-6.png",
	"frame": {"x":194,"y":424,"w":46,"h":64},
	"rotated": false,
	"trimmed": true,
	"spriteSourceSize": {"x":2,"y":8,"w":46,"h":64},
	"sourceSize": {"w":48,"h":72}
},
{
	"filename": "redgirl-left-7.png",
	"frame": {"x":194,"y":356,"w":46,"h":66},
	"rotated": false,
	"trimmed": true,
	"spriteSourceSize": {"x":2,"y":6,"w":46,"h":66},
	"sourceSize": {"w":48,"h":72}
},
{
	"filename": "redgirl-left-8.png",
	"frame": {"x":50,"y":437,"w":46,"h":70},
	"rotated": false,
	"trimmed": true,
	"spriteSourceSize": {"x":2,"y":2,"w":46,"h":70},
	"sourceSize": {"w":48,"h":72}
},
{
	"filename": "redgirl-left-9.png",
	"frame": {"x":444,"y":344,"w":46,"h":72},
	"rotated": false,
	"trimmed": true,
	"spriteSourceSize": {"x":2,"y":0,"w":46,"h":72},
	"sourceSize": {"w":48,"h":72}
},
{
	"filename": "redgirl-right-1.png",
	"frame": {"x":242,"y":422,"w":46,"h":64},
	"rotated": false,
	"trimmed": true,
	"spriteSourceSize": {"x":0,"y":8,"w":46,"h":64},
	"sourceSize": {"w":48,"h":72}
},
{
	"filename": "redgirl-right-10.png",
	"frame": {"x":244,"y":354,"w":46,"h":66},
	"rotated": false,
	"trimmed": true,
	"spriteSourceSize": {"x":0,"y":6,"w":46,"h":66},
	"sourceSize": {"w":48,"h":72}
},
{
	"filename": "redgirl-right-2.png",
	"frame": {"x":292,"y":350,"w":46,"h":66},
	"rotated": false,
	"trimmed": true,
	"spriteSourceSize": {"x":0,"y":6,"w":46,"h":66},
	"sourceSize": {"w":48,"h":72}
},
{
	"filename": "redgirl-right-3.png",
	"frame": {"x":2,"y":437,"w":46,"h":70},
	"rotated": false,
	"trimmed": true,
	"spriteSourceSize": {"x":0,"y":2,"w":46,"h":70},
	"sourceSize": {"w":48,"h":72}
},
{
	"filename": "redgirl-right-4.png",
	"frame": {"x":396,"y":280,"w":46,"h":72},
	"rotated": false,
	"trimmed": true,
	"spriteSourceSize": {"x":0,"y":0,"w":46,"h":72},
	"sourceSize": {"w":48,"h":72}
},
{
	"filename": "redgirl-right-5.png",
	"frame": {"x":340,"y":300,"w":46,"h":66},
	"rotated": false,
	"trimmed": true,
	"spriteSourceSize": {"x":0,"y":6,"w":46,"h":66},
	"sourceSize": {"w":48,"h":72}
},
{
	"filename": "redgirl-right-6.png",
	"frame": {"x":292,"y":418,"w":46,"h":64},
	"rotated": false,
	"trimmed": true,
	"spriteSourceSize": {"x":0,"y":8,"w":46,"h":64},
	"sourceSize": {"w":48,"h":72}
},
{
	"filename": "redgirl-right-7.png",
	"frame": {"x":292,"y":282,"w":46,"h":66},
	"rotated": false,
	"trimmed": true,
	"spriteSourceSize": {"x":0,"y":6,"w":46,"h":66},
	"sourceSize": {"w":48,"h":72}
},
{
	"filename": "redgirl-right-8.png",
	"frame": {"x":146,"y":311,"w":46,"h":70},
	"rotated": false,
	"trimmed": true,
	"spriteSourceSize": {"x":0,"y":2,"w":46,"h":70},
	"sourceSize": {"w":48,"h":72}
},
{
	"filename": "redgirl-right-9.png",
	"frame": {"x":463,"y":2,"w":46,"h":72},
	"rotated": false,
	"trimmed": true,
	"spriteSourceSize": {"x":0,"y":0,"w":46,"h":72},
	"sourceSize": {"w":48,"h":72}
},
{
	"filename": "redgirl-up-1.png",
	"frame": {"x":446,"y":278,"w":48,"h":64},
	"rotated": false,
	"trimmed": true,
	"spriteSourceSize": {"x":0,"y":8,"w":48,"h":64},
	"sourceSize": {"w":48,"h":72}
},
{
	"filename": "redgirl-up-10.png",
	"frame": {"x":448,"y":76,"w":48,"h":66},
	"rotated": false,
	"trimmed": true,
	"spriteSourceSize": {"x":0,"y":6,"w":48,"h":66},
	"sourceSize": {"w":48,"h":72}
},
{
	"filename": "redgirl-up-2.png",
	"frame": {"x":398,"y":76,"w":48,"h":66},
	"rotated": false,
	"trimmed": true,
	"spriteSourceSize": {"x":0,"y":6,"w":48,"h":66},
	"sourceSize": {"w":48,"h":72}
},
{
	"filename": "redgirl-up-3.png",
	"frame": {"x":146,"y":105,"w":48,"h":70},
	"rotated": false,
	"trimmed": true,
	"spriteSourceSize": {"x":0,"y":2,"w":48,"h":70},
	"sourceSize": {"w":48,"h":72}
},
{
	"filename": "redgirl-up-4.png",
	"frame": {"x":148,"y":31,"w":48,"h":72},
	"rotated": false,
	"trimmed": false,
	"spriteSourceSize": {"x":0,"y":0,"w":48,"h":72},
	"sourceSize": {"w":48,"h":72}
},
{
	"filename": "redgirl-up-5.png",
	"frame": {"x":348,"y":76,"w":48,"h":66},
	"rotated": false,
	"trimmed": true,
	"spriteSourceSize": {"x":0,"y":6,"w":48,"h":66},
	"sourceSize": {"w":48,"h":72}
},
{
	"filename": "redgirl-up-6.png",
	"frame": {"x":446,"y":212,"w":48,"h":64},
	"rotated": false,
	"trimmed": true,
	"spriteSourceSize": {"x":0,"y":8,"w":48,"h":64},
	"sourceSize": {"w":48,"h":72}
},
{
	"filename": "redgirl-up-7.png",
	"frame": {"x":398,"y":76,"w":48,"h":66},
	"rotated": false,
	"trimmed": true,
	"spriteSourceSize": {"x":0,"y":6,"w":48,"h":66},
	"sourceSize": {"w":48,"h":72}
},
{
	"filename": "redgirl-up-8.png",
	"frame": {"x":198,"y":76,"w":48,"h":70},
	"rotated": false,
	"trimmed": true,
	"spriteSourceSize": {"x":0,"y":2,"w":48,"h":70},
	"sourceSize": {"w":48,"h":72}
},
{
	"filename": "redgirl-up-9.png",
	"frame": {"x":213,"y":2,"w":48,"h":72},
	"rotated": false,
	"trimmed": false,
	"spriteSourceSize": {"x":0,"y":0,"w":48,"h":72},
	"sourceSize": {"w":48,"h":72}
},
{
	"filename": "shadow.png",
	"frame": {"x":346,"y":280,"w":48,"h":18},
	"rotated": false,
	"trimmed": false,
	"spriteSourceSize": {"x":0,"y":0,"w":48,"h":18},
	"sourceSize": {"w":48,"h":18}
},
{
	"filename": "sweat-1.png",
	"frame": {"x":198,"y":64,"w":13,"h":9},
	"rotated": false,
	"trimmed": true,
	"spriteSourceSize": {"x":8,"y":6,"w":13,"h":9},
	"sourceSize": {"w":21,"h":15}
},
{
	"filename": "sweat-2.png",
	"frame": {"x":198,"y":53,"w":13,"h":9},
	"rotated": false,
	"trimmed": true,
	"spriteSourceSize": {"x":5,"y":3,"w":13,"h":9},
	"sourceSize": {"w":21,"h":15}
},
{
	"filename": "sweat-3.png",
	"frame": {"x":198,"y":42,"w":13,"h":9},
	"rotated": false,
	"trimmed": true,
	"spriteSourceSize": {"x":2,"y":0,"w":13,"h":9},
	"sourceSize": {"w":21,"h":15}
},
{
	"filename": "sweat-4.png",
	"frame": {"x":198,"y":31,"w":13,"h":9},
	"rotated": false,
	"trimmed": true,
	"spriteSourceSize": {"x":0,"y":3,"w":13,"h":9},
	"sourceSize": {"w":21,"h":15}
}],
"meta": {
	"app": "http://www.texturepacker.com",
	"version": "1.0",
	"image": "texture.png",
	"format": "RGBA8888",
	"size": {"w":512,"h":1024},
	"scale": "1",
	"smartupdate": "$TexturePacker:SmartUpdate:fe879abf8339cba28fc4a1d5f1bc9fe4$"
}
}
